Workbook
Name StartingBalance: 'Tóm tắt'!$L$8

Sheet Tóm tắt
B2: BẮT ĐẦU | I2: GHI CHÚ
B3: Đặt số dư đầu kỳ của bạn trong ô L8, sau đó tùy chỉnh các danh mục và số tiền chi tiêu dự kiến vào các bảng 'Thu nhập' và 'Chi phí' bên dưới. | I3: Chỉ chỉnh sửa các ô được đánh dấu.
I4: Hạn chế thay đổi các ô có chứa công thức.
B5: Khi bạn nhập dữ liệu vào tab 'Giao dịch', trang tính này sẽ tự động cập nhật để hiển thị bản tóm tắt chi tiêu của bạn trong tháng.
B8: Ngân sách hàng tháng | J8: Số dư đầu kỳ: | L8: 10000000
I13: =IFERROR(E17/D17-1, "") -> 2.2
I14: =IF(I13 < 0, "Mức giảm tổng tiết kiệm", "Mức tăng tổng tiết kiệm") -> Mức tăng tổng tiết kiệm
I15: =IFERROR(E17-D17, 0) -> 22000000
D16: SỐ DƯ ĐẦU KỲ | E16: SỐ DƯ CUỐI KỲ | I16: =IF(J15<0, "Chi tiêu tháng này", "Tiết kiệm tháng này") -> Tiết kiệm tháng này
D17: =IF(ISBLANK(L8),0,L8) -> 10000000 | E17: =D17+(I22-C22) -> 32000000
B20: Chi phí | H20: Thu nhập
B21: Dự kiến | C21: =D26 -> 3100000 | D21: =REPT("█",ROUND(C21/MAX($C$21:$C$22)*20,0)) -> ████████████████ | H21: Dự kiến | I21: =J26 -> 25000000 | J21: =REPT("█",ROUND(I22/MAX($I$21:$I$22)*20,0)) -> ████████████████████
B22: Thực tế | C22: =E26 -> 4000000 | D22: =REPT("█",ROUND(C22/MAX($C$21:$C$22)*20,0)) -> ████████████████████ | H22: Thực tế | I22: =K26 -> 26000000 | J22: =REPT("█",ROUND(I22/MAX($I$21:$I$22)*20,0)) -> ████████████████████
B24: Chi phí | H24: Thu nhập
D25: Dự kiến | E25: Thực tế | F25: Chênh lệch | J25: Dự kiến | K25: Thực tế | L25: Chênh lệch
B26: Tổng | D26: =SUM(D27:D44) -> 3100000 | E26: =SUM(E27:E44) -> 4000000 | F26: =SUM(F27:F44) -> -900000 | H26: Tổng | J26: =SUM(J27:J44) -> 25000000 | K26: =SUM(K27:K44) -> 26000000 | L26: =SUM(L27:L44) -> 1000000
E27: =IF(ISBLANK($B27), "", SUMIF('Giao dịch'!$E:$E,$B27,'Giao dịch'!$C:$C)) | F27: =IF(ISBLANK($B27), "", D27-E27) | K27: =IF(ISBLANK($H27), "", SUMIF('Giao dịch'!$J:$J,$H27,'Giao dịch'!$H:$H)) | L27: =IF(ISBLANK($H27), "", K27-J27)
B28: Thực phẩm | D28: 1200000 | E28: =IF(ISBLANK($B28), "", SUMIF('Giao dịch'!$E:$E,$B28,'Giao dịch'!$C:$C)) -> 1500000 | F28: =IF(ISBLANK($B28), "", D28-E28) -> -300000 | H28: Tiết kiệm | J28: 0 | K28: =IF(ISBLANK($H28), "", SUMIF('Giao dịch'!$J:$J,$H28,'Giao dịch'!$H:$H)) -> 0 | L28: =IF(ISBLANK($H28), "", K28-J28) -> 0
B29: Quà tặng | D29: 0 | E29: =IF(ISBLANK($B29), "", SUMIF('Giao dịch'!$E:$E,$B29,'Giao dịch'!$C:$C)) -> 0 | F29: =IF(ISBLANK($B29), "", D29-E29) -> 0 | H29: Chi phiếu trả lương | J29: 25000000 | K29: =IF(ISBLANK($H29), "", SUMIF('Giao dịch'!$J:$J,$H29,'Giao dịch'!$H:$H)) -> 26000000 | L29: =IF(ISBLANK($H29), "", K29-J29) -> 1000000
B30: Sức khỏe/y tế | D30: 200000 | E30: =IF(ISBLANK($B30), "", SUMIF('Giao dịch'!$E:$E,$B30,'Giao dịch'!$C:$C)) -> 500000 | F30: =IF(ISBLANK($B30), "", D30-E30) -> -300000 | H30: Tiền thưởng | J30: 0 | K30: =IF(ISBLANK($H30), "", SUMIF('Giao dịch'!$J:$J,$H30,'Giao dịch'!$H:$H)) -> 0 | L30: =IF(ISBLANK($H30), "", K30-J30) -> 0
B31: Nhà | D31: 1700000 | E31: =IF(ISBLANK($B31), "", SUMIF('Giao dịch'!$E:$E,$B31,'Giao dịch'!$C:$C)) -> 1700000 | F31: =IF(ISBLANK($B31), "", D31-E31) -> 0 | H31: Lãi | J31: 0 | K31: =IF(ISBLANK($H31), "", SUMIF('Giao dịch'!$J:$J,$H31,'Giao dịch'!$H:$H)) -> 0 | L31: =IF(ISBLANK($H31), "", K31-J31) -> 0
B32: Phương tiện vận chuyển | D32: 0 | E32: =IF(ISBLANK($B32), "", SUMIF('Giao dịch'!$E:$E,$B32,'Giao dịch'!$C:$C)) -> 0 | F32: =IF(ISBLANK($B32), "", D32-E32) -> 0 | H32: Khác | J32: 0 | K32: =IF(ISBLANK($H32), "", SUMIF('Giao dịch'!$J:$J,$H32,'Giao dịch'!$H:$H)) -> 0 | L32: =IF(ISBLANK($H32), "", K32-J32) -> 0
B33: Cá nhân | D33: 0 | E33: =IF(ISBLANK($B33), "", SUMIF('Giao dịch'!$E:$E,$B33,'Giao dịch'!$C:$C)) -> 0 | F33: =IF(ISBLANK($B33), "", D33-E33) -> 0 | H33: Danh mục tùy chỉnh | J33: 0 | K33: =IF(ISBLANK($H33), "", SUMIF('Giao dịch'!$J:$J,$H33,'Giao dịch'!$H:$H)) -> 0 | L33: =IF(ISBLANK($H33), "", K33-J33) -> 0
B34: Vật nuôi | D34: 0 | E34: =IF(ISBLANK($B34), "", SUMIF('Giao dịch'!$E:$E,$B34,'Giao dịch'!$C:$C)) -> 0 | F34: =IF(ISBLANK($B34), "", D34-E34) -> 0 | K34: =IF(ISBLANK($H34), "", SUMIF('Giao dịch'!$J:$J,$H34,'Giao dịch'!$H:$H)) | L34: =IF(ISBLANK($H34), "", K34-J34)
B35: Dịch vụ công cộng | D35: 0 | E35: =IF(ISBLANK($B35), "", SUMIF('Giao dịch'!$E:$E,$B35,'Giao dịch'!$C:$C)) -> 0 | F35: =IF(ISBLANK($B35), "", D35-E35) -> 0 | K35: =IF(ISBLANK($H35), "", SUMIF('Giao dịch'!$J:$J,$H35,'Giao dịch'!$H:$H)) | L35: =IF(ISBLANK($H35), "", K35-J35)
B36: Đi lại | D36: 0 | E36: =IF(ISBLANK($B36), "", SUMIF('Giao dịch'!$E:$E,$B36,'Giao dịch'!$C:$C)) -> 300000 | F36: =IF(ISBLANK($B36), "", D36-E36) -> -300000 | K36: =IF(ISBLANK($H36), "", SUMIF('Giao dịch'!$J:$J,$H36,'Giao dịch'!$H:$H)) | L36: =IF(ISBLANK($H36), "", K36-J36)
B37: Nợ | D37: 0 | E37: =IF(ISBLANK($B37), "", SUMIF('Giao dịch'!$E:$E,$B37,'Giao dịch'!$C:$C)) -> 0 | F37: =IF(ISBLANK($B37), "", D37-E37) -> 0 | K37: =IF(ISBLANK($H37), "", SUMIF('Giao dịch'!$J:$J,$H37,'Giao dịch'!$H:$H)) | L37: =IF(ISBLANK($H37), "", K37-J37)
B38: Khác | D38: 0 | E38: =IF(ISBLANK($B38), "", SUMIF('Giao dịch'!$E:$E,$B38,'Giao dịch'!$C:$C)) -> 0 | F38: =IF(ISBLANK($B38), "", D38-E38) -> 0 | K38: =IF(ISBLANK($H38), "", SUMIF('Giao dịch'!$J:$J,$H38,'Giao dịch'!$H:$H)) | L38: =IF(ISBLANK($H38), "", K38-J38)
B39: Danh mục tùy chỉnh 1 | D39: 0 | E39: =IF(ISBLANK($B39), "", SUMIF('Giao dịch'!$E:$E,$B39,'Giao dịch'!$C:$C)) -> 0 | F39: =IF(ISBLANK($B39), "", D39-E39) -> 0 | K39: =IF(ISBLANK($H39), "", SUMIF('Giao dịch'!$J:$J,$H39,'Giao dịch'!$H:$H)) | L39: =IF(ISBLANK($H39), "", K39-J39)
B40: Danh mục tùy chỉnh 2 | D40: 0 | E40: =IF(ISBLANK($B40), "", SUMIF('Giao dịch'!$E:$E,$B40,'Giao dịch'!$C:$C)) -> 0 | F40: =IF(ISBLANK($B40), "", D40-E40) -> 0 | K40: =IF(ISBLANK($H40), "", SUMIF('Giao dịch'!$J:$J,$H40,'Giao dịch'!$H:$H)) | L40: =IF(ISBLANK($H40), "", K40-J40)
B41: Danh mục tùy chỉnh 3 | D41: 0 | E41: =IF(ISBLANK($B41), "", SUMIF('Giao dịch'!$E:$E,$B41,'Giao dịch'!$C:$C)) -> 0 | F41: =IF(ISBLANK($B41), "", D41-E41) -> 0 | K41: =IF(ISBLANK($H41), "", SUMIF('Giao dịch'!$J:$J,$H41,'Giao dịch'!$H:$H)) | L41: =IF(ISBLANK($H41), "", K41-J41)
E44: =IF(ISBLANK($B44), "", SUMIF('Giao dịch'!$E:$E,$B44,'Giao dịch'!$C:$C)) | F44: =IF(ISBLANK($B44), "", D44-E44) | K44: =IF(ISBLANK($H44), "", SUMIF('Giao dịch'!$J:$J,$H44,'Giao dịch'!$H:$H)) | L44: =IF(ISBLANK($H44), "", K44-J44)

Sheet Giao dịch
B1: Thay đổi hoặc thêm danh mục bằng cách cập nhật các bảng Chi phí và Thu nhập trong trang tính Tóm tắt.
B2: Chi phí | G2: Thu nhập
B4: Ngày | C4: Số tiền | D4: Mô tả | E4: Danh mục | G4: Ngày | H4: Số tiền | I4: Mô tả | J4: Danh mục
B5: 46244 | C5: 1700000 | D5: Tiền thuê | E5: Nhà | G5: 46244 | H5: 26000000 | I5: Chi phiếu trả lương | J5: Chi phiếu trả lương
B6: 46244 | C6: 500000 | E6: Sức khỏe/y tế
C7: 300000 | E7: Đi lại
C8: 1500000 | E8: Thực phẩm
